Workbook
Name estudianteLista: Tablas!$J$2:$J$3
Name listaSexo: Tablas!$A$2:$A$3
Name paisesLista: Tablas!$G$2:$G$255
Name procedenciaLista: Tablas!$P$2:$P$6
Name tarifasLista: Tablas!$M$2:$M$12
Name tdocLista: Tablas!$D$2:$D$7

Sheet Hoja1
A1: Plantilla Carga Masiva - Llaqta
B3: Item | C3: Procedencia | D3: idProcedencia | E3: País | F3: idPais | G3: Tarifa | H3: idTarifa | I3: Tipo de Documento | J3: idTipoDocumento | K3: Nro Documento | L3: Fecha de nacimiento dd-mm-aaaa | M3: Nombres | N3: Apellido Paterno | O3: Apellido Materno | P3: Cod File | Q3: Sexo
B4: 1 | D4: =IFERROR(VLOOKUP(Tabla1[[#This Row],[Procedencia]],Tablas!$P$2:$Q$6,2,0),"0") -> 0 | F4: =IFERROR(VLOOKUP(Tabla1[[#This Row],[País]],Tablas!$G$2:$H$255,2,0),"0") -> 0 | H4: =IFERROR(VLOOKUP(Tabla1[[#This Row],[Tarifa]],Tablas!$M$2:$N$12,2,0),"0") -> 0 | J4: =IFERROR(VLOOKUP(Tabla1[[#This Row],[Tipo de Documento]],Tablas!$D$2:$E$7,2,0),"0") -> 0
B5: 2 | D5: =IFERROR(VLOOKUP(Tabla1[[#This Row],[Procedencia]],Tablas!$P$2:$Q$6,2,0),"0") -> 0 | F5: =IFERROR(VLOOKUP(Tabla1[[#This Row],[País]],Tablas!$G$2:$H$255,2,0),"0") -> 0 | H5: =IFERROR(VLOOKUP(Tabla1[[#This Row],[Tarifa]],Tablas!$M$2:$N$12,2,0),"0") -> 0 | J5: =IFERROR(VLOOKUP(Tabla1[[#This Row],[Tipo de Documento]],Tablas!$D$2:$E$7,2,0),"0") -> 0
B6: 3 | D6: =IFERROR(VLOOKUP(Tabla1[[#This Row],[Procedencia]],Tablas!$P$2:$Q$6,2,0),"0") -> 0 | F6: =IFERROR(VLOOKUP(Tabla1[[#This Row],[País]],Tablas!$G$2:$H$255,2,0),"0") -> 0 | H6: =IFERROR(VLOOKUP(Tabla1[[#This Row],[Tarifa]],Tablas!$M$2:$N$12,2,0),"0") -> 0 | J6: =IFERROR(VLOOKUP(Tabla1[[#This Row],[Tipo de Documento]],Tablas!$D$2:$E$7,2,0),"0") -> 0
B7: 4 | D7: =IFERROR(VLOOKUP(Tabla1[[#This Row],[Procedencia]],Tablas!$P$2:$Q$6,2,0),"0") -> 0 | F7: =IFERROR(VLOOKUP(Tabla1[[#This Row],[País]],Tablas!$G$2:$H$255,2,0),"0") -> 0 | H7: =IFERROR(VLOOKUP(Tabla1[[#This Row],[Tarifa]],Tablas!$M$2:$N$12,2,0),"0") -> 0 | J7: =IFERROR(VLOOKUP(Tabla1[[#This Row],[Tipo de Documento]],Tablas!$D$2:$E$7,2,0),"0") -> 0
B8: 5 | D8: =IFERROR(VLOOKUP(Tabla1[[#This Row],[Procedencia]],Tablas!$P$2:$Q$6,2,0),"0") -> 0 | F8: =IFERROR(VLOOKUP(Tabla1[[#This Row],[País]],Tablas!$G$2:$H$255,2,0),"0") -> 0 | H8: =IFERROR(VLOOKUP(Tabla1[[#This Row],[Tarifa]],Tablas!$M$2:$N$12,2,0),"0") -> 0 | J8: =IFERROR(VLOOKUP(Tabla1[[#This Row],[Tipo de Documento]],Tablas!$D$2:$E$7,2,0),"0") -> 0
B9: 6 | D9: =IFERROR(VLOOKUP(Tabla1[[#This Row],[Procedencia]],Tablas!$P$2:$Q$6,2,0),"0") -> 0 | F9: =IFERROR(VLOOKUP(Tabla1[[#This Row],[País]],Tablas!$G$2:$H$255,2,0),"0") -> 0 | H9: =IFERROR(VLOOKUP(Tabla1[[#This Row],[Tarifa]],Tablas!$M$2:$N$12,2,0),"0") -> 0 | J9: =IFERROR(VLOOKUP(Tabla1[[#This Row],[Tipo de Documento]],Tablas!$D$2:$E$7,2,0),"0") -> 0
B10: 7 | D10: =IFERROR(VLOOKUP(Tabla1[[#This Row],[Procedencia]],Tablas!$P$2:$Q$6,2,0),"0") -> 0 | F10: =IFERROR(VLOOKUP(Tabla1[[#This Row],[País]],Tablas!$G$2:$H$255,2,0),"0") -> 0 | H10: =IFERROR(VLOOKUP(Tabla1[[#This Row],[Tarifa]],Tablas!$M$2:$N$12,2,0),"0") -> 0 | J10: =IFERROR(VLOOKUP(Tabla1[[#This Row],[Tipo de Documento]],Tablas!$D$2:$E$7,2,0),"0") -> 0
B11: 8 | D11: =IFERROR(VLOOKUP(Tabla1[[#This Row],[Procedencia]],Tablas!$P$2:$Q$6,2,0),"0") -> 0 | F11: =IFERROR(VLOOKUP(Tabla1[[#This Row],[País]],Tablas!$G$2:$H$255,2,0),"0") -> 0 | H11: =IFERROR(VLOOKUP(Tabla1[[#This Row],[Tarifa]],Tablas!$M$2:$N$12,2,0),"0") -> 0 | J11: =IFERROR(VLOOKUP(Tabla1[[#This Row],[Tipo de Documento]],Tablas!$D$2:$E$7,2,0),"0") -> 0
B12: 9 | D12: =IFERROR(VLOOKUP(Tabla1[[#This Row],[Procedencia]],Tablas!$P$2:$Q$6,2,0),"0") -> 0 | F12: =IFERROR(VLOOKUP(Tabla1[[#This Row],[País]],Tablas!$G$2:$H$255,2,0),"0") -> 0 | H12: =IFERROR(VLOOKUP(Tabla1[[#This Row],[Tarifa]],Tablas!$M$2:$N$12,2,0),"0") -> 0 | J12: =IFERROR(VLOOKUP(Tabla1[[#This Row],[Tipo de Documento]],Tablas!$D$2:$E$7,2,0),"0") -> 0
B13: 10 | D13: =IFERROR(VLOOKUP(Tabla1[[#This Row],[Procedencia]],Tablas!$P$2:$Q$6,2,0),"0") -> 0 | F13: =IFERROR(VLOOKUP(Tabla1[[#This Row],[País]],Tablas!$G$2:$H$255,2,0),"0") -> 0 | H13: =IFERROR(VLOOKUP(Tabla1[[#This Row],[Tarifa]],Tablas!$M$2:$N$12,2,0),"0") -> 0 | J13: =IFERROR(VLOOKUP(Tabla1[[#This Row],[Tipo de Documento]],Tablas!$D$2:$E$7,2,0),"0") -> 0

Sheet Tablas
A1: sexo | B1: valor | D1: TipoDocumento | E1: Valor | G1: Column1.snombre | H1: Column1.sidPais | J1: Estudiante | K1: valor | M1: Tipo tarifa | N1: valor | P1: Procedencia | Q1: Valor
A2: Masculino | B2: Masculino | D2: DNI | E2: 1 | G2: Afganistán | H2: 1 | J2: Sí | K2: 1 | M2: General | N2: 1 | P2: Extranjero | Q2: 1
A3: Femenino | B3: Femenino | D3: CE | E3: 2 | G3: Albania | H3: 2 | J3: No | K3: 2 | M3: Estudiante | N3: 2 | P3: Peruano | Q3: 2
D4: PAS | E4: 3 | G4: Alemania | H4: 3 | M4: Menor de edad entre 3 - 17 años | N4: 3 | P4: Ciudadano cusqueño | Q4: 4
D5: RUC | E5: 4 | G5: Andorra | H5: 4 | M5: General promocional | N5: 4 | P5: Países CAN | Q5: 7
D6: DIE | E6: 7 | G6: Angola | H6: 5 | M6: Estudiante promocional | N6: 5 | P6: Residente extranjero | Q6: 8
D7: CI | E7: 8 | G7: Anguilla (RU) | H7: 6 | M7: Menor de edad entre 3-17 años promocional | N7: 6
G8: Antártida | H8: 7 | M8: Personas de 60 años a más | N8: 7
G9: Antigua y Barbuda | H9: 8 | M9: Personas en servicio militar voluntario | N9: 8
G10: Arabia Saudita | H10: 9 | M10: Profesores de educación básica | N10: 9
G11: Archipiélago Svalbard (Noruega) | H11: 10 | M11: Personas con discapacidad | N11: 10
G12: Argelia | H12: 11 | M12: Veteranos de guerra | N12: 11
G13: Argentina | H13: 12
G14: Armenia | H14: 13
G15: Aruba (Paises Bajos) | H15: 14
G16: Atolón Johnston (EEUU) | H16: 15
G17: Australia | H17: 16
G18: Austria | H18: 17
G19: Azerbaiyán | H19: 18
G20: Bahamas | H20: 19
G21: Bahrein | H21: 20
G22: Bangladesh | H22: 21
G23: Barbados | H23: 22
G24: Belarús | H24: 23
... G254: Kazajistán | H254: 253
G255: República de Kosovo | H255: 254
